{
  "params": {
    "fast_ma_period": 14,
    "slow_ma_period": 30,
    "adx_period": 10,
    "adx_trend_threshold": 18.221996721055216,
    "atr_period": 23,
    "vol_lookback": 77,
    "vol_high_percentile": 71.96306842124228,
    "min_regime_bars": 3,
    "chop_period": 13,
    "chop_threshold": 56.568831629752516
  },
  "score": 0.9483784082891542,
  "validation_passed": true,
  "metrics": {
    "trending_up_return": 0.18686457953107882,
    "trending_down_return": -0.16400913739555878,
    "ranging_return": 0.014726397424017055,
    "volatile_return": 0.03377553374464499,
    "return_separation": 0.3508737169266376,
    "segment_up_return": 2.5221563703136742,
    "segment_down_return": -2.5198012601542366,
    "direction_alignment_score": 0.7792056074766355,
    "volatility_coherence_score": 1.0,
    "trending_up_pct": 27.657753138757542,
    "trending_down_pct": 21.65742703407794,
    "ranging_pct": 45.870699494537746,
    "volatile_pct": 4.814120332626773,
    "balance_score": 1.0338578183596936,
    "transition_stability": 0.9311103864340453,
    "avg_regime_duration": 13.412793876435211,
    "n_bars": 24532,
    "n_segments": 1829,
    "composite_score": 0.9483784082891542
  },
  "optimized_at": "2026-02-23T15:27:14.473266",
  "n_trials": 400,
  "futures": "aluminum"
}